Bill Coolidge;85013 Via Real Austin; Illinois
Andrew Taylor;29886 Padre Boulevard Madison; California
Ulysses Coolidge;98646 Bayshore Freeway Columbus; Minnesota
Theodore Clinton;12292 San Marcos Bismarck; New York
William Van Buren;21712 Tully Road East Albany; Illinois
Jimmy Polk;76143 Richmond Hill Salt Lake City; Alaska
Calvin Adams;52386 Lake Tahoe Blvd. Montgomery; New York
Ulysses Monroe;70511 Jones Road Trenton; Illinois
Zachary Tyler;45040 Santa Rosa North Carson City; Alaska
Ulysses Johnson;19989 Via Real Juneau; Alabama
George Arthur;89874 Calle Real Annapolis; Alabama
George Jefferson;67703 Fontaine Road Pierre; Illinois
Herbert Grant;90635 North Ventu Park Road Columbus; Alaska
John Harrison;86745 San Marcos Annapolis; Alaska
Benjamin Ford;27921 Carpinteria Avenue Providence; California
Andrew Fillmore;96878 Greenwood Road Saint Paul; Alaska
Warren Arthur;22920 Jean de la Fontaine Madison; Minnesota
Woodrow Clinton;30587 San Diego Freeway Topeka; California
John Adams;49993 El Camino Real Phoenix; Alaska
Woodrow Adams;62404 Jones Road Springfield; Illinois
Thomas Polk;14024 San Simeon Lansing; Minnesota
Theodore Reagan;30441 Lake Tahoe Blvd. Raleigh; Alabama
Andrew McKinley;45619 San Luis Obispo North Bismarck; Alaska
George Coolidge;67507 Santa Monica Road Columbus; Alaska
Herbert Washington;71351 Padre Boulevard Indianapolis; California
Richard Coolidge;66918 S Rustle St Madison; Illinois
Dwight Pierce;53765 Burnett Road Cheyenne; Alabama
Zachary Pierce;91312 Santa Ana Freeway Annapolis; Alaska
Thomas Roosevelt;47330 East Fry Blvd. Carson City; California
Martin Johnson;32782 Padre Boulevard Springfield; New York
Lyndon Harding;92517 Burnett Road Little Rock; Alaska
Warren Taft;34746 Newbury Road Richmond; Illinois
Lyndon Jackson;72876 East Fry Blvd. Jackson; Illinois
Abraham Tyler;89260 Carpinteria North Annapolis; New York
Rutherford Harrison;27209 Bailard Avenue Tallahassee; Alabama
Jimmy Garfield;60346 Harbor Dr Helena; Alabama
Herbert Arthur;38585 East Calle Primera Springfield; Alabama
Rutherford Madison;16987 Bailard Avenue Austin; Alaska
Benjamin Adams;48190 Grandview Drive Montpelier; Alabama
Herbert Pierce;32958 East Main Street Oklahoma City; Alabama
Woodrow Harrison;49904 Monroe Street Montgomery; Illinois
Benjamin Adams;32628 Santa Rosa North Boise; Alabama
Herbert Coolidge;65573 Cabrillo Highway Salt Lake City; New York
Grover Van Buren;76745 San Ysidro Blvd Columbia; Minnesota
Abraham Hoover;34027 Grandview Drive Augusta; Illinois
Gerald Adams;65044 Santa Ana Freeway Albany; California
Dwight Arthur;65616 Hutchinson Rd Nashville; Minnesota
James Fillmore;77607 Bowles Avenue Springfield; Minnesota
Rutherford Arthur;49798 N Kentwood Carson City; Minnesota
Benjamin Reagan;35525 North Ventu Park Road Cheyenne; Alaska
Benjamin Roosevelt;46838 Tully Road East Lansing; Minnesota
Warren Tyler;56024 E Fowler Avenue Jackson; Alabama
Ulysses Taft;80435 Castillo Drive Dover; California
Martin Lincoln;48090 Erringer Road Pierre; Illinois
Warren Grant;39236 Carpinteria North Jefferson City; Minnesota
Gerald Eisenhower;12903 Jones Road Albany; New York
James Harding;67244 N Harrison St Phoenix; Illinois
Abraham Wilson;83959 Hutchinson Rd Nashville; New York
John Johnson;64872 Erringer Road Olympia; California
Rutherford Harding;46743 Steele Lane Boston; New York
Andrew Johnson;16064 Harbor Dr Sacramento; Illinois
Chester Taft;89505 North Preisker Lane Cheyenne; Alabama
Lyndon Cleveland;85642 North Atherton Street Hartford; Minnesota
Rutherford Polk;99837 Santa Monica Road Boise; California
Thomas Wilson;36910 Tanger Blvd Salem; Minnesota
Benjamin Taylor;81222 North Erringer Road Concord; Minnesota
