Abraham Hoover;34027 Grandview Drive Augusta; Illinois
Abraham Tyler;89260 Carpinteria North Annapolis; New York
Abraham Wilson;83959 Hutchinson Rd Nashville; New York
Andrew Fillmore;96878 Greenwood Road Saint Paul; Alaska
Andrew Johnson;16064 Harbor Dr Sacramento; Illinois
Andrew McKinley;45619 San Luis Obispo North Bismarck; Alaska
Andrew Taylor;29886 Padre Boulevard Madison; California
Benjamin Adams;48190 Grandview Drive Montpelier; Alabama
Benjamin Adams;32628 Santa Rosa North Boise; Alabama
Benjamin Ford;27921 Carpinteria Avenue Providence; California
Benjamin Reagan;35525 North Ventu Park Road Cheyenne; Alaska
Benjamin Roosevelt;46838 Tully Road East Lansing; Minnesota
Benjamin Taylor;81222 North Erringer Road Concord; Minnesota
Bill Coolidge;85013 Via Real Austin; Illinois
Calvin Adams;52386 Lake Tahoe Blvd. Montgomery; New York
Chester Taft;89505 North Preisker Lane Cheyenne; Alabama
Dwight Arthur;65616 Hutchinson Rd Nashville; Minnesota
Dwight Pierce;53765 Burnett Road Cheyenne; Alabama
George Arthur;89874 Calle Real Annapolis; Alabama
George Coolidge;67507 Santa Monica Road Columbus; Alaska
George Jefferson;67703 Fontaine Road Pierre; Illinois
Gerald Adams;65044 Santa Ana Freeway Albany; California
Gerald Eisenhower;12903 Jones Road Albany; New York
Grover Van Buren;76745 San Ysidro Blvd Columbia; Minnesota
Herbert Arthur;38585 East Calle Primera Springfield; Alabama
Herbert Coolidge;65573 Cabrillo Highway Salt Lake City; New York
Herbert Grant;90635 North Ventu Park Road Columbus; Alaska
Herbert Pierce;32958 East Main Street Oklahoma City; Alabama
Herbert Washington;71351 Padre Boulevard Indianapolis; California
James Fillmore;77607 Bowles Avenue Springfield; Minnesota
James Harding;67244 N Harrison St Phoenix; Illinois
Jimmy Garfield;60346 Harbor Dr Helena; Alabama
Jimmy Polk;76143 Richmond Hill Salt Lake City; Alaska
John Adams;49993 El Camino Real Phoenix; Alaska
John Harrison;86745 San Marcos Annapolis; Alaska
John Johnson;64872 Erringer Road Olympia; California
Lyndon Cleveland;85642 North Atherton Street Hartford; Minnesota
Lyndon Harding;92517 Burnett Road Little Rock; Alaska
Lyndon Jackson;72876 East Fry Blvd. Jackson; Illinois
Martin Johnson;32782 Padre Boulevard Springfield; New York
Martin Lincoln;48090 Erringer Road Pierre; Illinois
Richard Coolidge;66918 S Rustle St Madison; Illinois
Rutherford Arthur;49798 N Kentwood Carson City; Minnesota
Rutherford Harding;46743 Steele Lane Boston; New York
Rutherford Harrison;27209 Bailard Avenue Tallahassee; Alabama
Rutherford Madison;16987 Bailard Avenue Austin; Alaska
Rutherford Polk;99837 Santa Monica Road Boise; California
Theodore Clinton;12292 San Marcos Bismarck; New York
Theodore Reagan;30441 Lake Tahoe Blvd. Raleigh; Alabama
Thomas Polk;14024 San Simeon Lansing; Minnesota
Thomas Roosevelt;47330 East Fry Blvd. Carson City; California
Thomas Wilson;36910 Tanger Blvd Salem; Minnesota
Ulysses Coolidge;98646 Bayshore Freeway Columbus; Minnesota
Ulysses Johnson;19989 Via Real Juneau; Alabama
Ulysses Monroe;70511 Jones Road Trenton; Illinois
Ulysses Taft;80435 Castillo Drive Dover; California
Warren Arthur;22920 Jean de la Fontaine Madison; Minnesota
Warren Grant;39236 Carpinteria North Jefferson City; Minnesota
Warren Taft;34746 Newbury Road Richmond; Illinois
Warren Tyler;56024 E Fowler Avenue Jackson; Alabama
William Van Buren;21712 Tully Road East Albany; Illinois
Woodrow Adams;62404 Jones Road Springfield; Illinois
Woodrow Clinton;30587 San Diego Freeway Topeka; California
Woodrow Harrison;49904 Monroe Street Montgomery; Illinois
Zachary Pierce;91312 Santa Ana Freeway Annapolis; Alaska
Zachary Tyler;45040 Santa Rosa North Carson City; Alaska
